Workbook

Sheet Dashboard
B2: Energia em Dados — EDA Nacional (Brasil, 2015–2026)
B3: Bandeira tarifária x ENA x Geração Distribuída Solar — painel nacional, 140 meses (jan/2015–ago/2026)

Sheet Dados Mensais
B2: Mês | C2: Bandeira | D2: Nível (0-4) | E2: ENA % MLT Nordeste | F2: ENA % MLT Norte | G2: ENA % MLT Sudeste/CO | H2: ENA % MLT Sul | I2: ENA Nacional (MWmed) | J2: ENA Nacional % MLT | K2: Novas Conexões Solar | L2: Potência Nova (kW) | M2: Potência Acumulada (kW) | N2: Potência Acumulada (MW) | O2: Conexões Acumuladas | P2: Ano | Q2: Cresc. Solar MoM (%)
B3: 2015-01 | C3: Vermelha P1 | D3: 2 | E3: 28.43 | F3: 60.66 | G3: 39.98 | H3: 206.99 | I3: 1480005 | J3: 84.01 | K3: 54 | L3: 419.2 | M3: 5231.6 | N3: 5.23 | O3: 497 | P3: =VALUE(LEFT(B3,4)) -> 2015
B4: 2015-02 | C4: Vermelha P1 | D4: 2 | E4: 29.22 | F4: 56.54 | G4: 59.78 | H4: 138.66 | I4: 1623730 | J4: 71.05 | K4: 34 | L4: 350.9 | M4: 5582.5 | N4: 5.58 | O4: 531 | P4: =VALUE(LEFT(B4,4)) -> 2015 | Q4: =IF(N3=0,"",(N4-N3)/N3*100) -> 6.6921606
B5: 2015-03 | C5: Vermelha P1 | D5: 2 | E5: 39.49 | F5: 69.73 | G5: 78.88 | H5: 112.41 | I5: 2086250 | J5: 75.13 | K5: 48 | L5: 236.1 | M5: 5818.6 | N5: 5.82 | O5: 579 | P5: =VALUE(LEFT(B5,4)) -> 2015 | Q5: =IF(N4=0,"",(N5-N4)/N4*100) -> 4.3010753
B6: 2015-04 | C6: Vermelha P1 | D6: 2 | E6: 58.02 | F6: 82.96 | G6: 89.49 | H6: 106.19 | I6: 1903752 | J6: 84.17 | K6: 55 | L6: 313.1 | M6: 6131.7 | N6: 6.13 | O6: 634 | P6: =VALUE(LEFT(B6,4)) -> 2015 | Q6: =IF(N5=0,"",(N6-N5)/N5*100) -> 5.3264605
B7: 2015-05 | C7: Vermelha P1 | D7: 2 | E7: 60.36 | F7: 111.01 | G7: 100.18 | H7: 78.03 | I7: 1628514 | J7: 87.39 | K7: 89 | L7: 578 | M7: 6709.6 | N7: 6.71 | O7: 723 | P7: =VALUE(LEFT(B7,4)) -> 2015 | Q7: =IF(N6=0,"",(N7-N6)/N6*100) -> 9.4616639
B8: 2015-06 | C8: Vermelha P1 | D8: 2 | E8: 54.74 | F8: 97.56 | G8: 89 | H8: 130.92 | I8: 1337017 | J8: 93.06 | K8: 55 | L8: 473.5 | M8: 7183.1 | N8: 7.18 | O8: 778 | P8: =VALUE(LEFT(B8,4)) -> 2015 | Q8: =IF(N7=0,"",(N8-N7)/N7*100) -> 7.0044709
B9: 2015-07 | C9: Vermelha P1 | D9: 2 | E9: 51.79 | F9: 84.65 | G9: 132.98 | H9: 254.76 | I9: 1903079 | J9: 131.04 | K9: 107 | L9: 1165.3 | M9: 8348.4 | N9: 8.35 | O9: 885 | P9: =VALUE(LEFT(B9,4)) -> 2015 | Q9: =IF(N8=0,"",(N9-N8)/N8*100) -> 16.295265
B10: 2015-08 | C10: Vermelha P1 | D10: 2 | E10: 51.24 | F10: 77.6 | G10: 90.43 | H10: 79.99 | I10: 861964 | J10: 74.82 | K10: 125 | L10: 573.4 | M10: 8921.7 | N10: 8.92 | O10: 1010 | P10: =VALUE(LEFT(B10,4)) -> 2015 | Q10: =IF(N9=0,"",(N10-N9)/N9*100) -> 6.8263473
B11: 2015-09 | C11: Vermelha P1 | D11: 2 | E11: 45.78 | F11: 66 | G11: 119.28 | H11: 114.63 | I11: 1115125 | J11: 86.42 | K11: 128 | L11: 1044.8 | M11: 9966.5 | N11: 9.97 | O11: 1138 | P11: =VALUE(LEFT(B11,4)) -> 2015 | Q11: =IF(N10=0,"",(N11-N10)/N10*100) -> 11.7713
B12: 2015-10 | C12: Vermelha P1 | D12: 2 | E12: 31.81 | F12: 62.15 | G12: 94.46 | H12: 227.06 | I12: 1636638 | J12: 103.87 | K12: 155 | L12: 909.6 | M12: 10876.1 | N12: 10.88 | O12: 1293 | P12: =VALUE(LEFT(B12,4)) -> 2015 | Q12: =IF(N11=0,"",(N12-N11)/N11*100) -> 9.1273821
B13: 2015-11 | C13: Vermelha P1 | D13: 2 | E13: 19.61 | F13: 47.98 | G13: 118.17 | H13: 199.93 | I13: 1602088 | J13: 96.42 | K13: 174 | L13: 2261.9 | M13: 13138 | N13: 13.14 | O13: 1467 | P13: =VALUE(LEFT(B13,4)) -> 2015 | Q13: =IF(N12=0,"",(N13-N12)/N12*100) -> 20.772059
B14: 2015-12 | C14: Vermelha P1 | D14: 2 | E14: 31.85 | F14: 27.35 | G14: 102.8 | H14: 286.96 | I14: 2149665 | J14: 112.24 | K14: 254 | L14: 1709.2 | M14: 14847.2 | N14: 14.85 | O14: 1721 | P14: =VALUE(LEFT(B14,4)) -> 2015 | Q14: =IF(N13=0,"",(N14-N13)/N13*100) -> 13.013699
B15: 2016-01 | C15: Vermelha P1 | D15: 2 | E15: 53.15 | F15: 50.74 | G15: 127.75 | H15: 197.94 | I15: 3322484 | J15: 107.39 | K15: 263 | L15: 1852.5 | M15: 16699.7 | N15: 16.7 | O15: 1984 | P15: =VALUE(LEFT(B15,4)) -> 2016 | Q15: =IF(N14=0,"",(N15-N14)/N14*100) -> 12.457912
... B142: 2026-08 | C142: Amarela | D142: 1 | E142: 64.41 | F142: 67.5 | G142: 99.95 | H142: 208.69 | I142: 867342 | J142: 110.14 | K142: 4 | L142: 22.5 | M142: 48776852 | N142: 48776.85 | O142: 4461968 | P142: =VALUE(LEFT(B142,4)) -> 2026 | Q142: =IF(N141=0,"",(N142-N141)/N141*100) -> 4.1003075e-05

Sheet Dados Trimestrais
B2: Trimestre | C2: Nível Máx. | D2: Nível Médio | E2: ENA Médio (%MLT) | F2: ENA Sudeste Médio (%MLT) | G2: Potência Fim Trim. (MW) | H2: Cresc. Solar Trim. (%)
B3: 2015Q1 | C3: 2 | D3: 2 | E3: 76.73 | F3: 59.55 | G3: 5.82
B4: 2015Q2 | C4: 2 | D4: 2 | E4: 88.21 | F4: 92.89 | G4: 7.18 | H4: 23.45
B5: 2015Q3 | C5: 2 | D5: 2 | E5: 97.43 | F5: 114.23 | G5: 9.97 | H5: 38.75
B6: 2015Q4 | C6: 2 | D6: 2 | E6: 104.18 | F6: 105.15 | G6: 14.85 | H6: 48.97
B7: 2016Q1 | C7: 3 | D7: 2 | E7: 103.61 | F7: 104.89 | G7: 21.15 | H7: 42.43
B8: 2016Q2 | C8: 0 | D8: 0 | E8: 71.39 | F8: 94.31 | G8: 32.08 | H8: 51.69
B9: 2016Q3 | C9: 0 | D9: 0 | E9: 69.47 | F9: 96.93 | G9: 43.64 | H9: 36.03
B10: 2016Q4 | C10: 1 | D10: 0.33 | E10: 67.22 | F10: 83.99 | G10: 58.74 | H10: 34.61
B11: 2017Q1 | C11: 1 | D11: 0.33 | E11: 70.15 | F11: 69.44 | G11: 73.74 | H11: 25.54
B12: 2017Q2 | C12: 2 | D12: 1.33 | E12: 89.38 | F12: 93.42 | G12: 98.41 | H12: 33.45
B13: 2017Q3 | C13: 2 | D13: 1.33 | E13: 51.99 | F13: 76.93 | G13: 134.6 | H13: 36.78
B14: 2017Q4 | C14: 3 | D14: 2.67 | E14: 71.48 | F14: 88.7 | G14: 184.11 | H14: 36.78
B15: 2018Q1 | C15: 0 | D15: 0 | E15: 86.96 | F15: 89.59 | G15: 249.72 | H15: 35.64
... B49: 2026Q3 | C49: 1 | D49: 1 | E49: 115.11 | F49: 96.83 | G49: 48776.85 | H49: 0.21

Sheet Resumo Anual
B2: Meses por cor de bandeira, por ano
B4: Ano | C4: Verde | D4: Amarela | E4: Vermelha P1 | F4: Vermelha P2 | G4: Escassez Hídrica | H4: Total de Meses
B5: 2015 | C5: =COUNTIFS('Dados Mensais'!$P$3:$P$142,$B5,'Dados Mensais'!$C$3:$C$142,"Verde") -> 0 | D5: =COUNTIFS('Dados Mensais'!$P$3:$P$142,$B5,'Dados Mensais'!$C$3:$C$142,"Amarela") -> 0 | E5: =COUNTIFS('Dados Mensais'!$P$3:$P$142,$B5,'Dados Mensais'!$C$3:$C$142,"Vermelha P1") -> 12 | F5: =COUNTIFS('Dados Mensais'!$P$3:$P$142,$B5,'Dados Mensais'!$C$3:$C$142,"Vermelha P2") -> 0 | G5: =COUNTIFS('Dados Mensais'!$P$3:$P$142,$B5,'Dados Mensais'!$C$3:$C$142,"Escassez Hídrica") -> 0 | H5: =SUM(C5:G5) -> 12
B6: 2016 | C6: =COUNTIFS('Dados Mensais'!$P$3:$P$142,$B6,'Dados Mensais'!$C$3:$C$142,"Verde") -> 8 | D6: =COUNTIFS('Dados Mensais'!$P$3:$P$142,$B6,'Dados Mensais'!$C$3:$C$142,"Amarela") -> 2 | E6: =COUNTIFS('Dados Mensais'!$P$3:$P$142,$B6,'Dados Mensais'!$C$3:$C$142,"Vermelha P1") -> 1 | F6: =COUNTIFS('Dados Mensais'!$P$3:$P$142,$B6,'Dados Mensais'!$C$3:$C$142,"Vermelha P2") -> 1 | G6: =COUNTIFS('Dados Mensais'!$P$3:$P$142,$B6,'Dados Mensais'!$C$3:$C$142,"Escassez Hídrica") -> 0 | H6: =SUM(C6:G6) -> 12
B7: 2017 | C7: =COUNTIFS('Dados Mensais'!$P$3:$P$142,$B7,'Dados Mensais'!$C$3:$C$142,"Verde") -> 3 | D7: =COUNTIFS('Dados Mensais'!$P$3:$P$142,$B7,'Dados Mensais'!$C$3:$C$142,"Amarela") -> 3 | E7: =COUNTIFS('Dados Mensais'!$P$3:$P$142,$B7,'Dados Mensais'!$C$3:$C$142,"Vermelha P1") -> 4 | F7: =COUNTIFS('Dados Mensais'!$P$3:$P$142,$B7,'Dados Mensais'!$C$3:$C$142,"Vermelha P2") -> 2 | G7: =COUNTIFS('Dados Mensais'!$P$3:$P$142,$B7,'Dados Mensais'!$C$3:$C$142,"Escassez Hídrica") -> 0 | H7: =SUM(C7:G7) -> 12
B8: 2018 | C8: =COUNTIFS('Dados Mensais'!$P$3:$P$142,$B8,'Dados Mensais'!$C$3:$C$142,"Verde") -> 5 | D8: =COUNTIFS('Dados Mensais'!$P$3:$P$142,$B8,'Dados Mensais'!$C$3:$C$142,"Amarela") -> 2 | E8: =COUNTIFS('Dados Mensais'!$P$3:$P$142,$B8,'Dados Mensais'!$C$3:$C$142,"Vermelha P1") -> 0 | F8: =COUNTIFS('Dados Mensais'!$P$3:$P$142,$B8,'Dados Mensais'!$C$3:$C$142,"Vermelha P2") -> 5 | G8: =COUNTIFS('Dados Mensais'!$P$3:$P$142,$B8,'Dados Mensais'!$C$3:$C$142,"Escassez Hídrica") -> 0 | H8: =SUM(C8:G8) -> 12
B9: 2019 | C9: =COUNTIFS('Dados Mensais'!$P$3:$P$142,$B9,'Dados Mensais'!$C$3:$C$142,"Verde") -> 5 | D9: =COUNTIFS('Dados Mensais'!$P$3:$P$142,$B9,'Dados Mensais'!$C$3:$C$142,"Amarela") -> 4 | E9: =COUNTIFS('Dados Mensais'!$P$3:$P$142,$B9,'Dados Mensais'!$C$3:$C$142,"Vermelha P1") -> 3 | F9: =COUNTIFS('Dados Mensais'!$P$3:$P$142,$B9,'Dados Mensais'!$C$3:$C$142,"Vermelha P2") -> 0 | G9: =COUNTIFS('Dados Mensais'!$P$3:$P$142,$B9,'Dados Mensais'!$C$3:$C$142,"Escassez Hídrica") -> 0 | H9: =SUM(C9:G9) -> 12
B10: 2020 | C10: =COUNTIFS('Dados Mensais'!$P$3:$P$142,$B10,'Dados Mensais'!$C$3:$C$142,"Verde") -> 10 | D10: =COUNTIFS('Dados Mensais'!$P$3:$P$142,$B10,'Dados Mensais'!$C$3:$C$142,"Amarela") -> 1 | E10: =COUNTIFS('Dados Mensais'!$P$3:$P$142,$B10,'Dados Mensais'!$C$3:$C$142,"Vermelha P1") -> 0 | F10: =COUNTIFS('Dados Mensais'!$P$3:$P$142,$B10,'Dados Mensais'!$C$3:$C$142,"Vermelha P2") -> 1 | G10: =COUNTIFS('Dados Mensais'!$P$3:$P$142,$B10,'Dados Mensais'!$C$3:$C$142,"Escassez Hídrica") -> 0 | H10: =SUM(C10:G10) -> 12
B11: 2021 | C11: =COUNTIFS('Dados Mensais'!$P$3:$P$142,$B11,'Dados Mensais'!$C$3:$C$142,"Verde") -> 0 | D11: =COUNTIFS('Dados Mensais'!$P$3:$P$142,$B11,'Dados Mensais'!$C$3:$C$142,"Amarela") -> 4 | E11: =COUNTIFS('Dados Mensais'!$P$3:$P$142,$B11,'Dados Mensais'!$C$3:$C$142,"Vermelha P1") -> 1 | F11: =COUNTIFS('Dados Mensais'!$P$3:$P$142,$B11,'Dados Mensais'!$C$3:$C$142,"Vermelha P2") -> 3 | G11: =COUNTIFS('Dados Mensais'!$P$3:$P$142,$B11,'Dados Mensais'!$C$3:$C$142,"Escassez Hídrica") -> 4 | H11: =SUM(C11:G11) -> 12
B12: 2022 | C12: =COUNTIFS('Dados Mensais'!$P$3:$P$142,$B12,'Dados Mensais'!$C$3:$C$142,"Verde") -> 8 | D12: =COUNTIFS('Dados Mensais'!$P$3:$P$142,$B12,'Dados Mensais'!$C$3:$C$142,"Amarela") -> 0 | E12: =COUNTIFS('Dados Mensais'!$P$3:$P$142,$B12,'Dados Mensais'!$C$3:$C$142,"Vermelha P1") -> 0 | F12: =COUNTIFS('Dados Mensais'!$P$3:$P$142,$B12,'Dados Mensais'!$C$3:$C$142,"Vermelha P2") -> 0 | G12: =COUNTIFS('Dados Mensais'!$P$3:$P$142,$B12,'Dados Mensais'!$C$3:$C$142,"Escassez Hídrica") -> 4 | H12: =SUM(C12:G12) -> 12
B13: 2023 | C13: =COUNTIFS('Dados Mensais'!$P$3:$P$142,$B13,'Dados Mensais'!$C$3:$C$142,"Verde") -> 12 | D13: =COUNTIFS('Dados Mensais'!$P$3:$P$142,$B13,'Dados Mensais'!$C$3:$C$142,"Amarela") -> 0 | E13: =COUNTIFS('Dados Mensais'!$P$3:$P$142,$B13,'Dados Mensais'!$C$3:$C$142,"Vermelha P1") -> 0 | F13: =COUNTIFS('Dados Mensais'!$P$3:$P$142,$B13,'Dados Mensais'!$C$3:$C$142,"Vermelha P2") -> 0 | G13: =COUNTIFS('Dados Mensais'!$P$3:$P$142,$B13,'Dados Mensais'!$C$3:$C$142,"Escassez Hídrica") -> 0 | H13: =SUM(C13:G13) -> 12
B14: 2024 | C14: =COUNTIFS('Dados Mensais'!$P$3:$P$142,$B14,'Dados Mensais'!$C$3:$C$142,"Verde") -> 8 | D14: =COUNTIFS('Dados Mensais'!$P$3:$P$142,$B14,'Dados Mensais'!$C$3:$C$142,"Amarela") -> 2 | E14: =COUNTIFS('Dados Mensais'!$P$3:$P$142,$B14,'Dados Mensais'!$C$3:$C$142,"Vermelha P1") -> 1 | F14: =COUNTIFS('Dados Mensais'!$P$3:$P$142,$B14,'Dados Mensais'!$C$3:$C$142,"Vermelha P2") -> 1 | G14: =COUNTIFS('Dados Mensais'!$P$3:$P$142,$B14,'Dados Mensais'!$C$3:$C$142,"Escassez Hídrica") -> 0 | H14: =SUM(C14:G14) -> 12
B15: 2025 | C15: =COUNTIFS('Dados Mensais'!$P$3:$P$142,$B15,'Dados Mensais'!$C$3:$C$142,"Verde") -> 4 | D15: =COUNTIFS('Dados Mensais'!$P$3:$P$142,$B15,'Dados Mensais'!$C$3:$C$142,"Amarela") -> 2 | E15: =COUNTIFS('Dados Mensais'!$P$3:$P$142,$B15,'Dados Mensais'!$C$3:$C$142,"Vermelha P1") -> 4 | F15: =COUNTIFS('Dados Mensais'!$P$3:$P$142,$B15,'Dados Mensais'!$C$3:$C$142,"Vermelha P2") -> 2 | G15: =COUNTIFS('Dados Mensais'!$P$3:$P$142,$B15,'Dados Mensais'!$C$3:$C$142,"Escassez Hídrica") -> 0 | H15: =SUM(C15:G15) -> 12
B16: 2026 | C16: =COUNTIFS('Dados Mensais'!$P$3:$P$142,$B16,'Dados Mensais'!$C$3:$C$142,"Verde") -> 4 | D16: =COUNTIFS('Dados Mensais'!$P$3:$P$142,$B16,'Dados Mensais'!$C$3:$C$142,"Amarela") -> 4 | E16: =COUNTIFS('Dados Mensais'!$P$3:$P$142,$B16,'Dados Mensais'!$C$3:$C$142,"Vermelha P1") -> 0 | F16: =COUNTIFS('Dados Mensais'!$P$3:$P$142,$B16,'Dados Mensais'!$C$3:$C$142,"Vermelha P2") -> 0 | G16: =COUNTIFS('Dados Mensais'!$P$3:$P$142,$B16,'Dados Mensais'!$C$3:$C$142,"Escassez Hídrica") -> 0 | H16: =SUM(C16:G16) -> 8

Sheet Correlações
B2: Correlação do nível da bandeira com indicadores (série completa, 140 meses)
B4: Indicador | C4: Correlação (r)
B5: ENA Nacional (% MLT) | C5: =CORREL('Dados Mensais'!$D$3:$D$142,'Dados Mensais'!$J$3:$J$142) -> -0.095078621
B6: ENA Sudeste/CO (% MLT) | C6: =CORREL('Dados Mensais'!$D$3:$D$142,'Dados Mensais'!$G$3:$G$142) -> -0.036892785
B7: ENA Nordeste (% MLT) | C7: =CORREL('Dados Mensais'!$D$3:$D$142,'Dados Mensais'!$E$3:$E$142) -> -0.0098657768
B8: ENA Norte (% MLT) | C8: =CORREL('Dados Mensais'!$D$3:$D$142,'Dados Mensais'!$F$3:$F$142) -> 0.098744194
B9: ENA Sul (% MLT) | C9: =CORREL('Dados Mensais'!$D$3:$D$142,'Dados Mensais'!$H$3:$H$142) -> -0.13304245
B10: Cresc. Solar MoM (%) | C10: =CORREL('Dados Mensais'!$D$4:$D$142,'Dados Mensais'!$Q$4:$Q$142) -> 0.11810621
